{
    "f1": 0.5315068493150685,
    "roc_auc": 0.8340006706246671
}