{
    "f1": 0.5362637362637364,
    "roc_auc": 0.8400003354466472
}