{
    "f1": 0.5350877192982457,
    "roc_auc": 0.842830666532488
}