{
    "f1": 0.5374449339207049,
    "roc_auc": 0.8420476082654055
}