{
    "f1": 0.5266106442577031,
    "roc_auc": 0.8418821541516269
}