{
    "f1": 0.5403899721448469,
    "roc_auc": 0.8408959414058135
}